{"0": 0.3333417315732817, "2": 0.3333333442684798, "4": 0.3333333333475719, "6": 0.333333333333352, "8": 0.3333333333333329, "10": 0.3333333333333329}