{"0": 0.3333674508946622, "2": 0.3333334221801295, "4": 0.33333333356470524, "6": 0.33333333333393594, "8": 0.33333333333333515, "10": 0.3333333333333329}