{"0": 0.33341134355209506, "2": 0.33333363805553057, "4": 0.33333333452365416, "6": 0.33333333333798315, "8": 0.3333333333333517, "10": 0.333333333333333}