{"0": 0.3334743529149917, "2": 0.333334067793905, "4": 0.33333333715864816, "6": 0.33333333335325704, "8": 0.33333333333343695, "10": 0.3333333333333341}