{"0": 0.33355751869738093, "2": 0.33333479283434597, "4": 0.33333334283529104, "6": 0.3333333333951946, "8": 0.33333333333373616, "10": 0.33333333333333615}