{"0": 0.33366198250853396, "2": 0.3333359008278098, "4": 0.33333335339187864, "6": 0.3333333334900404, "8": 0.33333333333455767, "10": 0.33333333333334303}